<?xml version="1.0" ?>
<container xmlns="http://symfony.com/schema/dic/services"
           xmlns:xsi="http://www.w3.org/2001/XMLSchema-instance"
           xsi:schemaLocation="http://symfony.com/schema/dic/services http://symfony.com/schema/dic/services/services-1.0.xsd">

    <services>
        <service id="SamsultingFashionHomeTheme\Core\Content\Media\Cms\CustomImageCmsElementResolver">
            <argument type="service" id="Shopware\Core\Content\Media\Cms\DefaultMediaResolver"/>
            <argument type="service" id="category.repository"/>
            <tag name="shopware.cms.data_resolver"/>
        </service>

        <service id="SamsultingFashionHomeTheme\Core\Content\Media\Cms\Type\ProductImageGridTypeDataResolver">
            <tag name="shopware.cms.type.data_resolver"/>
        </service>

        <service id="SamsultingFashionHomeTheme\Core\Content\Product\Cms\CustomProductGridResolver">
            <argument type="service" id="Shopware\Core\Content\Product\SalesChannel\Listing\ProductListingRoute"/>
            <argument type="service" id="product_sorting.repository"/>
            <tag name="shopware.cms.data_resolver"/>
        </service>

        <service id="SamsultingFashionHomeTheme\Service\Subscriber\CustomProductGridCmsSubscriber">
            <argument type="service" id="sales_channel.product.repository"/>
            <argument type="service" id="media.repository"/>
            <tag name="kernel.event_subscriber"/>
        </service>

        <service id="SamsultingFashionHomeTheme\Service\Subscriber\CustomFieldsSubscriber" public="true">
            <argument type="service" id="Shopware\Core\System\SystemConfig\SystemConfigService"/>
            <tag name="kernel.event_subscriber"/>
        </service>

     <service id="SamsultingFashionHomeTheme\Service\Subscriber\ProductBoxSubscriber">
        <argument type="service" id="product.repository"/>
        <tag name="kernel.event_subscriber"/>
    </service>
        
        <service id="SamsultingFashionHomeTheme\Twig\MediaExtension">
            <argument type="service" id="product_media.repository"/>
            <tag name="twig.extension"/>
        </service>

    <service id="SamsultingFashionHomeTheme\Service\ProductVariantService">
        <argument type="service" id="product.repository"/>
        <argument type="service" id="property_group_option.repository"/>
    </service>
    
<service id="SamsultingFashionHomeTheme\Twig\VariantExtension">
    <argument type="service" id="product.repository"/>
    <argument type="service" id="property_group_option.repository"/>
    <tag name="twig.extension"/>
</service>
    </services>
</container>