{
  "name": "SAMSULTING FashionHome Theme",
  "author": "SAMSULTING",
  "previewMedia": "app/storefront/dist/assets/preview.jpg",
  "views": [
     "@Storefront",
     "@Plugins",
     "@SamsultingFashionHomeTheme"
  ],
  "style": [
    "@Storefront",
    "app/storefront/src/scss/overrides.scss",
    "app/storefront/src/scss/base.scss"
  ],
  "script": [
    "@Storefront",
    "app/storefront/dist/storefront/js/samsulting-fashion-home-theme/samsulting-fashion-home-theme.js",
    "app/storefront/src/js/samsulting-fashion-home-theme-base.js"
  ],
  "assets": [
    "@Storefront",
    "app/storefront/src/assets"
  ]
}